[
  {
    "class": "uk.ac.york.sepr4.ahod2.object.card.Card",
    "id": 1,
    "_default": true,
    "defaultNo": 5,
    "power": 1,
    "name": "Round Shot",
    "desc": "Simple Cannon Shot!",
    "textureStr": "cannon",
    "damageSelf": 0,
    "damage": 3,
    "moveTime": 0,
    "manaCost": 4,
    "heal": 0
  },
  {
    "class": "uk.ac.york.sepr4.ahod2.object.card.Card",
    "id": 2,
    "_default": false,
    "power": 1,
    "name": "Round Shot++",
    "desc": "Simple Cannon Shot!++",
    "textureStr": "cannon++",
    "damageSelf": 0,
    "damage": 6,
    "moveTime": 0,
    "manaCost": 3,
    "heal": 0
  },
  {
    "class": "uk.ac.york.sepr4.ahod2.object.card.Card",
    "id": 3,
    "_default": true,
    "defaultNo": 2,
    "power": 1,
    "name": "Patch Holes",
    "desc": "Do some repairs!",
    "textureStr": "patch",
    "damageSelf": 0,
    "damage": 0,
    "moveTime": 0,
    "manaCost": 2,
    "heal": 2
  },
  {
    "class": "uk.ac.york.sepr4.ahod2.object.card.Card",
    "id": 4,
    "_default": false,
    "power": 3,
    "name": "Patch Holes++",
    "desc": "Do some repairs!++",
    "textureStr": "patch++",
    "damageSelf": 0,
    "damage": 0,
    "moveTime": 0,
    "manaCost": 1,
    "heal": 2
  },
  {
    "class": "uk.ac.york.sepr4.ahod2.object.card.Card",
    "id": 3,
    "_default": false,
    "power": 2,
    "name": "Ram",
    "desc": "Damages the enemy at a cost",
    "textureStr": "ram",
    "damageSelf": 5,
    "damage": 10,
    "moveTime": 0,
    "manaCost": 5,
    "heal": 0
  },
  {
    "class": "uk.ac.york.sepr4.ahod2.object.card.Card",
    "id": 4,
    "_default": false,
    "power": 4,
    "name": "Ram++",
    "desc": "Damages the enemy at a cost++",
    "textureStr": "ram++",
    "damageSelf": 5,
    "damage": 15,
    "moveTime": 0,
    "manaCost": 2,
    "heal": 0
  },
  {
    "class": "uk.ac.york.sepr4.ahod2.object.card.Card",
    "id": 5,
    "_default": false,
    "power": 5,
    "name": "Grapeshot",
    "desc": "Fires projectile comprised of small metal slugs!",
    "textureStr": "grapeshot",
    "damageSelf": 0,
    "damage": 8,
    "moveTime": 0,
    "manaCost": 5,
    "heal": 0
  },
  {
    "class": "uk.ac.york.sepr4.ahod2.object.card.Card",
    "id": 6,
    "_default": false,
    "power": 8,
    "name": "Grapeshot++",
    "desc": "Fires projectile comprised of small metal slugs!++",
    "textureStr": "grapeshot++",
    "damageSelf": 0,
    "damage": 8,
    "moveTime": 0,
    "manaCost": 3,
    "heal": 0
  },
  {
    "class": "uk.ac.york.sepr4.ahod2.object.card.Card",
    "id": 7,
    "_default": false,
    "power": 4,
    "name": "Chain-shot",
    "desc": "Fires balls of chain!",
    "textureStr": "chainshot",
    "damageSelf": 0,
    "damage": 10,
    "moveTime": 0,
    "manaCost": 6,
    "heal": 0
  },
  {
    "class": "uk.ac.york.sepr4.ahod2.object.card.Card",
    "id": 8,
    "_default": false,
    "power": 7,
    "name": "Chain-shot++",
    "desc": "Fires balls of chain!++",
    "textureStr": "chainshot++",
    "damageSelf": 0,
    "damage": 10,
    "moveTime": 0,
    "manaCost": 4,
    "heal": 0
  },
  {
    "class": "uk.ac.york.sepr4.ahod2.object.card.Card",
    "id": 9,
    "_default": false,
    "power": 4,
    "name": "Heated-shot",
    "desc": "Fires a hot shot to set enemy boat alight!",
    "textureStr": "heatedshot",
    "damageSelf": 0,
    "damage": 3,
    "moveTime": 3,
    "manaCost": 7,
    "heal": 0
  },
  {
  "class": "uk.ac.york.sepr4.ahod2.object.card.Card",
  "id": 10,
  "_default": false,
  "power": 6,
  "name": "Heated-shot++",
  "desc": "Fires a hot shot to set enemy boat alight!++",
  "textureStr": "heatedshot++",
  "damageSelf": 0,
  "damage": 5,
  "moveTime": 4,
  "manaCost": 6,
  "heal": 0
  },
  {
    "class": "uk.ac.york.sepr4.ahod2.object.card.Card",
    "id": 11,
    "_default": false,
    "power": 6,
    "name": "Carcass",
    "desc": "Fires incendiary bomb!",
    "textureStr": "carcass",
    "damageSelf": 0,
    "damage": 4,
    "moveTime": 5,
    "manaCost": 6,
    "heal": 0
  },
  {
    "class": "uk.ac.york.sepr4.ahod2.object.card.Card",
    "id": 12,
    "_default": false,
    "power": 8,
    "name": "Carcass++",
    "desc": "Fires incendiary bomb!++",
    "textureStr": "carcass++",
    "damageSelf": 0,
    "damage": 4,
    "moveTime": 5,
    "manaCost": 4,
    "heal": 0
  },
  {
    "class": "uk.ac.york.sepr4.ahod2.object.card.Card",
    "id": 13,
    "_default": false,
    "power": 7,
    "name": "Carronade",
    "desc": "Use of advanced cannon!",
    "textureStr": "carronade",
    "damageSelf": 0,
    "damage": 5,
    "moveTime": 0,
    "manaCost": 2,
    "heal": 0
  },
  {
    "class": "uk.ac.york.sepr4.ahod2.object.card.Card",
    "id": 14,
    "_default": false,
    "power": 10,
    "name": "Carronade++",
    "desc": "Use of advanced cannon!++",
    "textureStr": "carronade++",
    "damageSelf": 0,
    "damage": 7,
    "moveTime": 0,
    "manaCost": 1,
    "heal": 0
  },
  {
    "class": "uk.ac.york.sepr4.ahod2.object.card.Card",
    "id": 15,
    "_default": false,
    "power": 3,
    "name": "Raking Fire",
    "desc": "Fires projectile comprised of small metal slugs!",
    "textureStr": "rakingfire",
    "damageSelf": 0,
    "damage": 6,
    "moveTime": 0,
    "manaCost": 10,
    "heal": 0
  },
  {
    "class": "uk.ac.york.sepr4.ahod2.object.card.Card",
    "id": 16,
    "_default": false,
    "power": 5,
    "name": "Raking Fire++",
    "desc": "Fires projectile comprised of small metal slugs!++",
    "textureStr": "rakingfire++",
    "damageSelf": 0,
    "damage": 10,
    "moveTime": 5,
    "manaCost": 10,
    "heal": 0
  },
  {
    "class": "uk.ac.york.sepr4.ahod2.object.card.Card",
    "id": 17,
    "_default": false,
    "power": 3,
    "name": "Navigate Shallows",
    "desc": "Sail into shallow waters to escape the enemy!",
    "textureStr": "navigateshallows",
    "damageSelf": 5,
    "damage": 5,
    "moveTime": 3,
    "manaCost": 5,
    "heal": 0
  },
  {
    "class": "uk.ac.york.sepr4.ahod2.object.card.Card",
    "id": 18,
    "_default": false,
    "power": 5,
    "name": "Navigate Shallows++",
    "desc": "Sail into shallow waters to escape the enemy!++",
    "textureStr": "navigateshallows++",
    "damageSelf": 10,
    "damage": 10,
    "moveTime": 3,
    "manaCost": 7,
    "heal": 0
  },
  {
    "class": "uk.ac.york.sepr4.ahod2.object.card.Card",
    "id": 19,
    "_default": false,
    "power": 5,
    "name": "Distribute Rum",
    "desc": "Pass a bottle of rum around to boost morale!",
    "textureStr": "distrum",
    "damageSelf": 0,
    "damage": 0,
    "moveTime": 0,
    "manaCost": 5,
    "heal": 5
  },
  {
    "class": "uk.ac.york.sepr4.ahod2.object.card.Card",
    "id": 20,
    "_default": false,
    "power": 7,
    "name": "Distribute Rum++",
    "desc": "Pass a bottle of rum around to boost morale!++",
    "textureStr": "distrum++",
    "damageSelf": 0,
    "damage": 0,
    "moveTime": 0,
    "manaCost": 5,
    "heal": 10
  },
  {
    "class": "uk.ac.york.sepr4.ahod2.object.card.Card",
    "id": 21,
    "_default": false,
    "power": 8,
    "name": "Board",
    "desc": "Board the enemy's boat",
    "textureStr": "board",
    "damageSelf": 24,
    "damage": 8,
    "moveTime": 6,
    "manaCost": 10,
    "heal": 0
  },
  {
    "class": "uk.ac.york.sepr4.ahod2.object.card.Card",
    "id": 22,
    "_default": false,
    "power": 10,
    "name": "Board++",
    "desc": "Board the enemy's boat++",
    "textureStr": "board++",
    "damageSelf": 20,
    "damage": 10,
    "moveTime": 6,
    "manaCost": 8,
    "heal": 0
  },
  {
    "class": "uk.ac.york.sepr4.ahod2.object.card.Card",
    "id": 23,
    "_default": false,
    "power": 1,
    "name": "Reload",
    "desc": "",
    "textureStr": "reload",
    "damageSelf": 0,
    "damage": 0,
    "moveTime": 0,
    "manaCost": 0,
    "heal": 0
  }
]