[
  {
    "class": "uk.ac.york.sepr4.ahod2.object.GameLevel",
    "id": 1,
    "collegeId": 1,
    "departmentIds" : [1,2],
    "levelGold" : 200,
    "battleGold": 30,
    "battleScore": 20,
    "levelScore": 100,
    "depth": 8,
    "difficulty": 1
  },
  {
    "class": "uk.ac.york.sepr4.ahod2.object.GameLevel",
    "id": 2,
    "collegeId": 2,
    "departmentIds" : [3,4],
    "levelGold" : 300,
    "battleGold": 50,
    "battleScore": 30,
    "levelScore": 120,
    "depth": 12,
    "difficulty": 2
  },
  {
    "class": "uk.ac.york.sepr4.ahod2.object.GameLevel",
    "id": 3,
    "collegeId": 3,
    "departmentIds" : [5,6],
    "levelGold" : 400,
    "battleGold": 80,
    "battleScore": 40,
    "levelScore": 150,
    "depth": 16,
    "difficulty": 3
  },
  {
    "class": "uk.ac.york.sepr4.ahod2.object.GameLevel",
    "id": 4,
    "collegeId": 4,
    "departmentIds" : [7,8],
    "levelGold" : 400,
    "battleGold": 100,
    "battleScore": 80,
    "levelScore": 200,
    "depth": 20,
    "difficulty": 4
  },
  {
    "class": "uk.ac.york.sepr4.ahod2.object.GameLevel",
    "id": 5,
    "collegeId": 5,
    "departmentIds" : [9,10],
    "levelGold" : 400,
    "battleGold": 120,
    "battleScore": 100,
    "levelScore": 250,
    "depth": 25,
    "difficulty": 5
  }
]